<?xml version="1.0" encoding="UTF-8"?>

<beans xmlns="http://www.springframework.org/schema/beans"
	xmlns:xsi="http://www.w3.org/2001/XMLSchema-instance" xmlns:context="http://www.springframework.org/schema/context"
	xmlns:aop="http://www.springframework.org/schema/aop" xmlns:tx="http://www.springframework.org/schema/tx"
	xsi:schemaLocation="http://www.springframework.org/schema/beans
           http://www.springframework.org/schema/beans/spring-beans-3.0.xsd
           http://www.springframework.org/schema/context  
           http://www.springframework.org/schema/context/spring-context-3.0.xsd
           http://www.springframework.org/schema/aop 
           http://www.springframework.org/schema/aop/spring-aop-3.0.xsd
           http://www.springframework.org/schema/tx 
           http://www.springframework.org/schema/tx/spring-tx-3.0.xsd">


	<context:property-placeholder location="classpath:conf.properties"/>
	<bean id="dataSource" class="com.mchange.v2.c3p0.ComboPooledDataSource">
		<property name="driverClass" value="${jdbc.driver}"/>
		<property name="jdbcUrl" value="${jdbc.url}"/>
		<property name="user" value="${jdbc.username}"/>
		<property name="password" value="${jdbc.password}"/>
		<property name="minPoolSize" value="${jdbc.pool.minPoolSize}"/>
		<property name="maxPoolSize" value="${jdbc.pool.maxPoolSize}"/>
		<property name="initialPoolSize" value="${jdbc.pool.initialPoolSize}"/>
		<property name="maxIdleTime" value="${jdbc.pool.maxIdleTime}"/>
		
		<property name="acquireIncrement" value="30"/>
		<property name="maxStatements" value="0"/>
		<property name="idleConnectionTestPeriod" value="60"/>
		<property name="acquireRetryAttempts" value="30"/>
		<property name="breakAfterAcquireFailure" value="true"/>
		<property name="testConnectionOnCheckout" value="true"/>
	</bean>
	
	<bean id="sessionFactory" class="org.mybatis.spring.SqlSessionFactoryBean">
		<property name="configLocation">
			<value>classpath:mybatis-config.xml</value>
		</property>
		<property name="mapperLocations" value="classpath*:/config/**/*.xml"/>
		<property name="dataSource" ref="dataSource"/>
	</bean>
	
	<bean id="transactionManager" class="org.springframework.jdbc.datasource.DataSourceTransactionManager">
		<property name="dataSource" ref="dataSource"/>
	</bean>
	
	<tx:advice id="txAdvice" transaction-manager="transactionManager">
		<tx:attributes>
			<tx:method name="delete*" propagation="REQUIRED" read-only="false" rollback-for="java.lang.Exception"/>
			<tx:method name="remove*" propagation="REQUIRED" read-only="false" rollback-for="java.lang.Exception"/>
			<tx:method name="insert*" propagation="REQUIRED" read-only="false" rollback-for="java.lang.Exception"/>
			<tx:method name="update*" propagation="REQUIRED" read-only="false" rollback-for="java.lang.Exception"/>
			<tx:method name="find*" propagation="SUPPORTS"/>
			<tx:method name="get*" propagation="SUPPORTS"/>
			<tx:method name="select*" propagation="SUPPORTS"/>
		</tx:attributes>
	</tx:advice>
	<aop:config proxy-target-class="true">
		<aop:pointcut id="interceptorPointCuts" expression="execution(public * com.enterprise.dao.*.*(..))"/>
		<aop:advisor advice-ref="txAdvice" pointcut-ref="interceptorPointCuts"/>
	</aop:config>
</beans>